Chr,Start,End,Ref,Alt,Func.refGeneWithVer,Gene.refGeneWithVer,GeneDetail.refGeneWithVer,ExonicFunc.refGeneWithVer,AAChange.refGeneWithVer,CLNALLELEID,CLNDN,CLNDISDB,CLNREVSTAT,CLNSIG,SIFT_score,SIFT_pred,SIFT4G_score,SIFT4G_pred,Polyphen2_HDIV_score,Polyphen2_HDIV_pred,Polyphen2_HVAR_score,Polyphen2_HVAR_pred,LRT_score,LRT_pred,LRT_Omega,MutationTaster_score,MutationTaster_pred,MutationAssessor_score,MutationAssessor_pred,FATHMM_score,FATHMM_pred,PROVEAN_score,PROVEAN_pred,VEST4_score,MetaSVM_score,MetaSVM_pred,MetaLR_score,MetaLR_pred,Reliability_index,MetaRNN_score,MetaRNN_pred,M-CAP_score,M-CAP_pred,REVEL_score,MutPred_score,MVP_score,gMVP_score,MPC_score,PrimateAI_score,PrimateAI_pred,DEOGEN2_score,DEOGEN2_pred,BayesDel_addAF_score,BayesDel_addAF_pred,BayesDel_noAF_score,BayesDel_noAF_pred,ClinPred_score,ClinPred_pred,LIST-S2_score,LIST-S2_pred,ESM1b_score,ESM1b_pred,EVE_score,AlphaMissense_score,AlphaMissense_pred,Aloft_pred,Aloft_Confidence,CADD_raw,CADD_phred,DANN_score,fathmm-MKL_coding_score,fathmm-MKL_coding_pred,fathmm-MKL_coding_group,fathmm-XF_coding_score,fathmm-XF_coding_pred,Eigen-raw_coding,Eigen-phred_coding,Eigen-PC-raw_coding,Eigen-PC-phred_coding,GenoCanyon_score,integrated_fitCons_score,integrated_confidence_value,LINSIGHT,GERP++_NR,GERP++_RS,phyloP17way_primate,phastCons17way_primate,SiPhy_29way_pi,SiPhy_29way_logOdds,bStatistic,gnomad211_exome_AF,gnomad211_exome_AF_popmax,gnomad211_exome_AF_male,gnomad211_exome_AF_female,gnomad211_exome_AF_afr,gnomad211_exome_AF_sas,gnomad211_exome_AF_amr,gnomad211_exome_AF_eas,gnomad211_exome_AF_nfe,gnomad211_exome_AF_fin,gnomad211_exome_AF_asj,gnomad211_exome_AF_oth,non_topmed_gnomad211_exome_AF_popmax,non_neuro_gnomad211_exome_AF_popmax,non_cancer_gnomad211_exome_AF_popmax,controls_gnomad211_exome_AF_popmax,gnomad211_genome_AF,gnomad211_genome_AF_popmax,gnomad211_genome_AF_male,gnomad211_genome_AF_female,gnomad211_genome_AF_afr,gnomad211_genome_AF_sas,gnomad211_genome_AF_amr,gnomad211_genome_AF_eas,gnomad211_genome_AF_nfe,gnomad211_genome_AF_fin,gnomad211_genome_AF_asj,gnomad211_genome_AF_oth,non_topmed_gnomad211_genome_AF_popmax,non_neuro_gnomad211_genome_AF_popmax,non_cancer_gnomad211_genome_AF_popmax,controls_gnomad211_genome_AF_popmax,Otherinfo1,Otherinfo2,Otherinfo3,Otherinfo4,Otherinfo5,Otherinfo6,Otherinfo7,Otherinfo8,Otherinfo9,Otherinfo10,Otherinfo11,Otherinfo12,Otherinfo13
chr1,108699783,108699786,TAAA,-,"intronic","SLC25A24",,,,,,,,,,,,,,,,,,,,,,,,,,,,,,,,,,,,,,,,,,,,,,,,,,,,,,,,,,,,,,,,,,,,,,,,,,,,,,,,,,,,,,,,,,,,,,,,,,,,,,,,,,,,,,,,,,,,,".",".",".","chr1","108699779","WOC5_137_1","CAAATAAA","CAAA",".",".",".","","NULL"
chr19,16500983,16500983,-,T,"intronic","EPS15L1",,,,,,,,,,,,,,,,,,,,,,,,,,,,,,,,,,,,,,,,,,,,,,,,,,,,,,,,,,,,,,,,,,,,,,,,,,,,,,,,,,,,,,,,,,,,,,,,,,,,,,,,,,,,,,,,,,,,,".",".",".","chr19","16500982","WOC5_160_1","CT","CTT",".",".",".","","NULL"
chrX,115233925,115233927,GCC,-,"intergenic","DANT2;AGTR2","dist=148481;dist=68070",,,,,,,,,,,,,,,,,,,,,,,,,,,,,,,,,,,,,,,,,,,,,,,,,,,,,,,,,,,,,,,,,,,,,,,,,,,,,,,,,,,,,,,,,,,,,,,,,,,,,,,,,,,,,,,,,,,,".",".",".","chrX","115233910","WOC4_154_1","CCCGCCGCCGCCGCCGCC","CCCGCCGCCGCCGCC",".",".",".","","NULL"
chr4,47425835,47425835,C,G,"intronic","GABRB1",,,,,,,,,,,,,,,,,,,,,,,,,,,,,,,,,,,,,,,,,,,,,,,,,,,,,,,,,,,,,,,,,,,,,,,,,,,,,,,,,,,,,,,,,,,,,,,,,,,,,,,,,,,,,,,,,,,,,".",".",".","chr4","47425835","WOC4_34","C","G",".",".",".","","NULL"
chr13,32363397,32363397,T,G,"intronic","RXFP2",,,,,,,,,,,,,,,,,,,,,,,,,,,,,,,,,,,,,,,,,,,,,,,,,,,,,,,,,,,,,,,,,,,,,,,,,,,,,,,,,,,,,,,,,,,,,,,,,,,,,,,,,,,,,,,,,,,,,".",".",".","chr13","32363397","WOC4_28","T","G",".",".",".","","NULL"
chr1,1049584,1049584,C,T,"intronic","C1orf159",,,,,,,,,,,,,,,,,,,,,,,,,,,,,,,,,,,,,,,,,,,,,,,,,,,,,,,,,,,,,,,,,,,,,,,,,,,,,,,,,,,,,,,,,,,,,,,,,,,,,,,,,,,,,,,,,,,,,".",".",".","chr1","1049584","WOC5_146_1","C","T",".",".",".","","NULL"
chr1,1526481,1526481,C,G,"intergenic","SSU72;FNDC10","dist=16238;dist=6911",,,,,,,,,,,,,,,,,,,,,,,,,,,,,,,,,,,,,,,,,,,,,,,,,,,,,,,,,,,,,,,,,,,,,,,,,,,,,,,,,,,,,,,,,,,,,,,,,,,,,,,,,,,,,,,,,,,,".",".",".","chr1","1526481","WOC3_134_1_YZY","C","G",".",".",".","","NULL"
chr1,634244,634244,T,C,"intergenic","OR4F16;LOC100133331","dist=12210;dist=26895",,,,,,,,,,,,,,,,,,,,,,,,,,,,,,,,,,,,,,,,,,,,,,,,,,,,,,,,,,,,,,,,,,,,,,,,,,,,,,,,,,,,,,,,,,,,,,,,,,,,,,,,,,,,,,,,,,,,".",".",".","chr1","634244","WOC5_129_1","T","C",".",".",".","","NULL"
chr1,1168091,1168091,C,T,"exonic","B3GALT6",,"stopgain","B3GALT6:NM_080605.4:exon1:c.G433T:p.E145X",.,.,.,.,.,.,.,.,.,.,.,.,.,0.002571,U,0.228496,1,D,.,.,.,.,.,.,0.032,.,.,.,.,.,.,.,.,.,.,.,.,.,.,.,.,.,.,0.618043,D,0.65,D,.,.,.,.,.,.,.,.,.,.;Recessive,.;High,8.944469,38,0.99180786854534608,0.93078,D,ALL,0.140538,N,0.789163954793806,8.571441,0.611232131573377,6.366864,0.999999999999792,0.766844,0,.,4.0,4.0,0.460000,0.994000,0.0:0.3092:0.6908:0.0,11.938,745,.,.,.,.,.,.,.,.,.,.,.,.,.,.,.,.,.,.,.,.,.,.,.,.,.,.,.,.,.,.,.,.,".",".",".","chr1","1168091","WOC5_146_1","C","T",".",".",".","","NULL"
chr1,1595214,1595217,CAGA,-,"UTR3","SLC35E2B","NM_001290264.2:c.*2007_*2004delTCTG;NM_001110781.3:c.*2007_*2004delTCTG",,,,,,,,,,,,,,,,,,,,,,,,,,,,,,,,,,,,,,,,,,,,,,,,,,,,,,,,,,,,,,,,,,,,,,,,,,,,,,,,,,,,,,,,,,,,,,,,,,,,,,,,,,,,,,,,,,,,".",".",".","chr1","1595210","WOC47_2","GAGACAGA","GAGA",".",".",".","","NULL"
chr1,2981069,2981083,AACAGGGGGTCTGGT,-,"ncRNA_intronic","PRDM16-DT",,,,,,,,,,,,,,,,,,,,,,,,,,,,,,,,,,,,,,,,,,,,,,,,,,,,,,,,,,,,,,,,,,,,,,,,,,,,,,,,,,,,,,,,,,,,,,,,,,,,,,,,,,,,,,,,,,,,,".",".",".","chr1","2981045","WOC4_092_1_WYN","AGGTCTGGTAACAGGGGGTCTGGTAACAGGGGGTCTGGT","AGGTCTGGTAACAGGGGGTCTGGT",".",".",".","","NULL"
chr1,3265472,3265472,T,C,"intronic","PRDM16",,,,,,,,,,,,,,,,,,,,,,,,,,,,,,,,,,,,,,,,,,,,,,,,,,,,,,,,,,,,,,,,,,,,,,,,,,,,,,,,,,,,,,,,,,,,,,,,,,,,,,,,,,,,,,,,,,,,,".",".",".","chr1","3265472","WOC3_48","T","C",".",".",".","","NULL"
chr1,3326181,3326181,C,G,"intronic","PRDM16",,,,,,,,,,,,,,,,,,,,,,,,,,,,,,,,,,,,,,,,,,,,,,,,,,,,,,,,,,,,,,,,,,,,,,,,,,,,,,,,,,,,,,,,,,,,,,,,,,,,,,,,,,,,,,,,,,,,,".",".",".","chr1","3326181","WOC4_22","C","G",".",".",".","","NULL"
chr1,3403068,3403068,G,A,"intergenic","ARHGEF16;MEGF6","dist=5391;dist=1447",,,,,,,,,,,,,,,,,,,,,,,,,,,,,,,,,,,,,,,,,,,,,,,,,,,,,,,,,,,,,,,,,,,,,,,,,,,,,,,,,,,,,,,,,,,,,,,,,,,,,,,,,,,,,,,,,,,,".",".",".","chr1","3403068","WOC5_105_1","G","A",".",".",".","","NULL"
chr1,152761561,152761561,A,C,"downstream","LCE1E","dist=660",,,,,,,,,,,,,,,,,,,,,,,,,,,,,,,,,,,,,,,,,,,,,,,,,,,,,,,,,,,,,,,,,,,,,,,,,,,,,,,,,,,,,,,,,,,,,,,,,,,,,,,,,,,,,,,,,,,,".",".",".","chr1","152761561","WOC4_23","A","C",".",".",".","","NULL"
chr7,124745614,124745614,G,A,"ncRNA_intronic","POT1-AS1",,,,,,,,,,,,,,,,,,,,,,,,,,,,,,,,,,,,,,,,,,,,,,,,,,,,,,,,,,,,,,,,,,,,,,,,,,,,,,,,,,,,,,,,,,,,,,,,,,,,,,,,,,,,,,,,,,,,,".",".",".","chr7","124745614","WOC5_154_1","G","A",".",".",".","","NULL"
chr2,70301162,70301162,A,G,"ncRNA_intronic","PCBP1-AS1",,,,,,,,,,,,,,,,,,,,,,,,,,,,,,,,,,,,,,,,,,,,,,,,,,,,,,,,,,,,,,,,,,,,,,,,,,,,,,,,,,,,,,,,,,,,,,,,,,,,,,,,,,,,,,,,,,,,,".",".",".","chr2","70301162","WOC5_157_1","A","G",".",".",".","","NULL"
chr10,38094356,38094356,T,-,"intronic","ZNF248",,,,,,,,,,,,,,,,,,,,,,,,,,,,,,,,,,,,,,,,,,,,,,,,,,,,,,,,,,,,,,,,,,,,,,,,,,,,,,,,,,,,,,,,,,,,,,,,,,,,,,,,,,,,,,,,,,,,,".",".",".","chr10","38094352","WOC4_057_1_XTH","CTTTT","CTTT",".",".",".","","NULL"
chr3,9434385,9434385,C,T,"ncRNA_intronic","THUMPD3-AS1",,,,,,,,,,,,,,,,,,,,,,,,,,,,,,,,,,,,,,,,,,,,,,,,,,,,,,,,,,,,,,,,,,,,,,,,,,,,,,,,,,,,,,,,,,,,,,,,,,,,,,,,,,,,,,,,,,,,,".",".",".","chr3","9434385","W24_WOC4_130_1_WY_snp","C","T",".",".",".","","NULL"
chr4,9268609,9268609,C,T,"upstream","USP17L20;USP17L22","dist=736",,,,,,,,,,,,,,,,,,,,,,,,,,,,,,,,,,,,,,,,,,,,,,,,,,,,,,,,,,,,,,,,,,,,,,,,,,,,,,,,,,,,,,,,,,,,,,,,,,,,,,,,,,,,,,,,,,,,".",".",".","chr4","9268609","W6_WOC4_28_snp","C","T",".",".",".","","NULL"
chr7,102572492,102572492,G,C,"intronic","FBXL13;LRRC17",,,,,,,,,,,,,,,,,,,,,,,,,,,,,,,,,,,,,,,,,,,,,,,,,,,,,,,,,,,,,,,,,,,,,,,,,,,,,,,,,,,,,,,,,,,,,,,,,,,,,,,,,,,,,,,,,,,,,".",".",".","chr7","102572492","W47_WOC5_154_1_snp","G","C",".",".",".","","NULL"
chr11,62648638,62648638,A,G,"exonic","SLC3A2",,"nonsynonymous SNV","SLC3A2:NM_001013251.3:exon1:c.C143G:p.A48G,SLC3A2:NM_001012664.3:exon2:c.C260G:p.A87G,SLC3A2:NM_001012662.3:exon4:c.C449G:p.A150G,SLC3A2:NM_002394.6:exon4:c.C446G:p.A149G",.,.,.,.,.,0.123,T,0.161,T,0.994,D,0.677,P,0.000044,D,0.122849,0.674949,N,0.205,N,-1.17,T,-1.1,N,0.213,-1.0060,T,0.069,T,10,0.21722913,T,0.050752,D,0.226,0.176,0.72226915239,0.2706636782052971,1.36266098001,0.719228506088,T,0.285289,T,-0.0597937,T,-0.323666,T,0.871824324131012,D,0.882012,D,-5.633,T,.,0.143,B,.;.;.;.;.;.;.,.;.;.;.;.;.;.,3.831693,23.3,0.99634609576257238,0.71671,D,ALL,0.638901,D,0.0658206781152161,2.753576,0.147654995802772,2.938448,0.999999999999781,0.441713,0,.,5.04,4.13,0.596000,0.967000,0.1811:0.7271:0.0:0.0919,6.332,804,.,.,.,.,.,.,.,.,.,.,.,.,.,.,.,.,.,.,.,.,.,.,.,.,.,.,.,.,.,.,.,.,".",".",".","chr11","62648638","W47_WOC5_154_1_snp","A","G",".",".",".","","NULL"
chr1,152215937,152215937,C,T,"intergenic","HRNR;FLG","dist=19265;dist=58714",,,,,,,,,,,,,,,,,,,,,,,,,,,,,,,,,,,,,,,,,,,,,,,,,,,,,,,,,,,,,,,,,,,,,,,,,,,,,,,,,,,,,,,,,,,,,,,,,,,,,,,,,,,,,,,,,,,,".",".",".","chr1","152215937","W46_WOC4_165_1_snp","C","T",".",".",".","","NULL"
chr3,102438534,102438534,C,T,"intergenic","ZPLD1;MIR548AB","dist=239849;dist=804343",,,,,,,,,,,,,,,,,,,,,,,,,,,,,,,,,,,,,,,,,,,,,,,,,,,,,,,,,,,,,,,,,,,,,,,,,,,,,,,,,,,,,,,,,,,,,,,,,,,,,,,,,,,,,,,,,,,,".",".",".","chr3","102438534","W1_WOC5_3_snp","C","T",".",".",".","","NULL"
