VariantVcf,Chromosome,Position,BravoAn,BravoAc,BravoAf,FilterStatus,Rsid,GenecodeComprehensiveCategory,GenecodeComprehensiveInfo,GenecodeComprehensiveExonicCategory,GenecodeComprehensiveExonicInfo,UcscInfo,UcscExonicInfo,Polyphen2HdivScore,Polyphen2HvarScore,MutationTasterScore,MutationAssessorScore,MetasvmPred,RefseqInfo,RefseqExonicInfo,CagePromoter,CageEnhancer,Genehancer,SuperEnhancer,Clnsig,Clnsigincl,Clndn,Clndnincl,Clnrevstat,Origin,Clndisdb,Clndisdbincl,Geneinfo,Linsight,FathmmXf,Gc,Cpg,MinDistTss,MinDistTse,SiftCat,SiftVal,PolyphenCat,PolyphenVal,Priphcons,Mamphcons,Verphcons,Priphylop,Mamphylop,Verphylop,Bstatistic,ChmmE1,ChmmE2,ChmmE3,ChmmE4,ChmmE5,ChmmE6,ChmmE7,ChmmE8,ChmmE9,ChmmE10,ChmmE11,ChmmE12,ChmmE13,ChmmE14,ChmmE15,ChmmE16,ChmmE17,ChmmE18,ChmmE19,ChmmE20,ChmmE21,ChmmE22,ChmmE23,ChmmE24,ChmmE25,GerpN,GerpS,Encodeh3k4me1Sum,Encodeh3k4me2Sum,Encodeh3k4me3Sum,Encodeh3k9acSum,Encodeh3k9me3Sum,Encodeh3k27acSum,Encodeh3k27me3Sum,Encodeh3k36me3Sum,Encodeh3k79me2Sum,Encodeh4k20me1Sum,Encodeh2afzSum,EncodeDnaseSum,EncodetotalRnaSum,Grantham,Freq100bp,Rare100bp,Sngl100bp,Freq1000bp,Rare1000bp,Sngl1000bp,Freq10000bp,Rare10000bp,Sngl10000bp,RemapOverlapTf,RemapOverlapCl,CaddRawscore,CaddPhred,ApcConservationV2,ApcEpigeneticsActive,ApcEpigeneticsRepressed,ApcEpigeneticsTranscription,ApcLocalNucleotideDiversityV3,ApcMappability,ApcMutationDensity,ApcProteinFunctionV3,ApcTranscriptionFactor,TgAfr,TgAll,TgAmr,TgEas,TgEur,TgSas,AfTotal,AfAsjFemale,AfEasFemale,AfAfrMale,AfFemale,AfFinMale,AfOthFemale,AfAmi,AfOth,AfMale,AfAmiFemale,AfAfr,AfEasMale,AfSas,AfNfeFemale,AfAsjMale,AfRaw,AfOthMale,AfNfeMale,AfAsj,AfAmrMale,AfAmrFemale,AfSasFemale,AfFin,AfAfrFemale,AfSasMale,AfAmr,AfNfe,AfEas,AfAmiMale,AfFinFemale,K24Bismap,K24Umap,K36Bismap,K36Umap,K50Bismap,K50Umap,K100Bismap,K100Umap,RecombinationRate,Nucdiv,AloftValue,AloftDescription,FunseqValue,FunseqDescription,功能影响判定
1-634244-T-C,1,634244,264690.0,5759.0,0.0217575,SVM;DISC,rs6594035,intergenic,"AC114498.2(dist=1831),OR4F16(dist=51435)",,,ENST00000514057.1,,,,,,,"MIR12136(dist=1559),OR4F3(dist=51472)",,"chr1:634210..634244,+",,,SE_47455,,,,,,,,,,5.01335108472363,2.49959050947863,0.43,0.067,133,133,,,,,0.3,0.3,0.0,0.0,0.0,-4.229,988.0,8,0,0,12,5,0,0,0,1,0,0,0,0,1,3,1,0,0,3,0,4,0,4,6,0,13.4,-26.8,0.68,2.29,1.54,2.05,2.53,0.55,5.03,0.69,,,0.55,52.16,1.36,,0.0,0.0,1.0,0.0,0.0,37.0,0.0,1.0,244.0,9.0,9.0,0.525948,7.56,2.09435072392649,0.50771466961601,2.8398770333566,0.0417884224052826,13.4203610033139,2.02111060526039,13.6716332511612,2.96948703027658,10.1287984280886,,,,,,,0.00149492,0.000678426,0.000915751,0.00340732,0.00133632,0.000374251,0.0,0.0,0.00310174,0.00166719,0.0,0.00344396,0.00600601,0.000914077,0.000551538,0.0,0.0110073,0.00629723,0.000716031,0.000354862,0.00282956,0.0024144,0.0025641,0.000274424,0.0034751,0.000556174,0.00265051,0.00062081,0.00371287,0.0,0.0,0.042,1.0,0.972,1.0,0.98,1.0,1.0,1.0,1.49,2.85,,,,noncoding,良性
1-1049584-C-T,1,1049584,,,,,rs748416413,exonic,AGRN,synonymous SNV,"AGRN:ENST00000620552.4:exon26:c.C4119T:p.F1373F,AGRN:ENST00000652369.1:exon25:c.C4218T:p.F1406F,AGRN:ENST00000379370.7:exon26:c.C4533T:p.F1511F,AGRN:ENST00000651234.1:exon25:c.C4218T:p.F1406F,","ENST00000379370.6,ENST00000620552.4","ENST00000620552.4:ENST00000620552.4:exon26:c.C4119T:p.F1373F,ENST00000379370.6:ENST00000379370.6:exon26:c.C4533T:p.F1511F,",,,,,,AGRN,"AGRN:NM_198576:exon26:c.C4533T:p.F1511F,",,,Name=0.63;genehancer_id=GH01I001049;connected_gene=ENSG00000272512;score=16.69;connected_gene=AGRN;score=6.23;connected_gene=ENSG00000238009;score=4.99;connected_gene=ENSG00000242590;score=0.77;connected_gene=PIR57007;score=0.44,SE_24817,,,,,,,,,,0.214925532744385,0.406291390895677,0.695,0.147,925,190,,,,,0.007,0.0,0.0,-0.485,-3.691,-3.621,940.0,0,1,0,4,0,5,13,10,0,0,1,0,0,0,9,0,0,0,0,0,2,0,3,0,0,19.3,-38.6,3.43,5.93,4.45,4.85,4.03,3.23,2.99,14.25,3.44,8.93,5.05,0.58,9.78,,0.0,1.0,24.0,4.0,18.0,218.0,27.0,127.0,2148.0,15.0,19.0,-0.577056,0.028,0.0910494908744957,4.91739962317967,3.97386553573877,7.51167359588404,0.045583177140366,17.0935885334977,0.0344658621705948,2.96948703027658,12.4800941841401,,,,,,,,,,,,,,,,,,,,,,,,,,,,,,,,,,,,,,0.917,1.0,1.0,1.0,1.0,1.0,1.0,1.0,0.7981,5.05,,,0.0,coding,待确认
1-1168091-C-T,1,1168091,264690.0,105050.0,0.396879,SVM;DISC;EXHET,rs12732261,upstream;downstream,"MIR429;MIR200A,MIR200B",,,"ENST00000362106.1;ENST00000384875.3,ENST00000384997.3",,,,,,,"MIR429;MIR200A,MIR200B",,,,Name=1.24;genehancer_id=GH01I001162;connected_gene=GC01P001202;score=550.77;connected_gene=MIR200A;score=550.77;connected_gene=GC01P001201;score=550.77;connected_gene=GC01P001199;score=550.77;connected_gene=GC01P001198;score=550.77;connected_gene=MIR429;score=550.77;connected_gene=MIR200B;score=550.77;connected_gene=TTLL10;score=17.96;connected_gene=LINC00115;score=8.23;connected_gene=ENSG00000272141;score=6.75;connected_gene=ENSG00000237094;score=5.35;connected_gene=ENSG00000224969;score=4.67;connected_gene=ANKRD65;score=4.54;connected_gene=GC01P001160;score=0.44;connected_gene=GC01M001138;score=0.16,"SE_65781,SE_24694,SE_31594,SE_23183,SE_23779,SE_57615,SE_50578,SE_57937",,,,,,,,,,5.78421365120813,4.98651500023661,0.768,0.2,228,139,,,,,0.013,0.0,0.0,0.365,-1.02,-3.831,825.0,1,0,0,1,0,1,1,0,0,3,2,1,0,0,14,0,0,1,0,1,10,5,6,1,0,7.81,-15.6,5.66,7.84,7.74,2.05,1.22,0.98,8.29,0.99,1.12,2.47,4.35,0.6,0.02,,0.0,0.0,12.0,3.0,12.0,172.0,19.0,136.0,1970.0,6.0,7.0,-0.19758,0.547,0.192815471726235,7.22173925831718,1.04376148889568,0.568342027074595,0.207454942808868,0.677208819528666,0.205932702762755,2.96948703027658,8.85004885683351,,,,,,,0.000102712,0.0,0.0,0.0,0.000200642,0.0,0.0,0.0,0.0,0.0,0.0,0.0,0.0,0.0,0.000738552,0.0,0.000297974,0.0,0.0,0.0,0.0,0.0,0.0,0.0,0.0,0.0,0.0,0.000398089,0.0,0.0,0.0,,,,0.028,0.14,0.36,1.0,1.0,,6.45,,,,noncoding,良性
1-1526481-C-G,1,1526481,,,,,,exonic,ATAD3A,synonymous SNV,"ATAD3A:ENST00000400830.3:exon3:c.C198G:p.L66L,ATAD3A:ENST00000536055.5:exon13:c.C1050G:p.L350L,ATAD3A:ENST00000378755.9:exon13:c.C1431G:p.L477L,ATAD3A:ENST00000378756.7:exon13:c.C1287G:p.L429L,","ENST00000339113.8,ENST00000378755.9,ENST00000378756.7,ENST00000400830.3,ENST00000536055.5","ENST00000400830.3:ENST00000400830.3:exon3:c.C198G:p.L66L,ENST00000536055.5:ENST00000536055.5:exon13:c.C1050G:p.L350L,ENST00000378755.9:ENST00000378755.9:exon13:c.C1431G:p.L477L,ENST00000378756.7:ENST00000378756.7:exon13:c.C1287G:p.L429L,",,,,,,ATAD3A,"ATAD3A:NM_018188:exon13:c.C1431G:p.L477L,ATAD3A:NM_001170535:exon13:c.C1287G:p.L429L,ATAD3A:NM_001170536:exon13:c.C1050G:p.L350L,",,,,,,,,,,,,,,0.214925532744385,0.414422409035923,0.603,0.067,2208,2851,,,,,0.278,1.0,0.999,0.417,1.013,0.648,846.0,1,0,0,0,0,5,14,23,0,0,1,0,0,0,4,0,0,0,0,0,0,0,0,0,0,17.1,-34.2,0.39,,1.02,1.04,0.15,0.77,,2.79,,1.88,,0.01,9.45,,0.0,1.0,20.0,1.0,8.0,189.0,19.0,137.0,2059.0,,,-0.033181,1.469,15.8014603746942,0.412830026555407,0.066812786242463,1.12111165916483,0.139765551652616,0.184840682569784,0.144142554398684,2.96948703027658,3.14278746314415,,,,,,,,,,,,,,,,,,,,,,,,,,,,,,,,,,,,,,,,,,,,,,0.7216,7.0,,,0.0,coding,待确认
1-3265472-T-C,1,3265472,,,,,,intronic,PRDM16,,,ENST00000512462.5,,,,,,,PRDM16,,,,Name=0.43;genehancer_id=GH01I003265;connected_gene=GC01P003264;score=550.77;connected_gene=PIR53217;score=0.44;connected_gene=GC01P003272;score=0.44;connected_gene=PRDM16;score=0.08,"SE_65324,SE_31389",,,,,,,,,,4.91180846524541,2.22453295677843,0.609,0.027,21340,121447,,,,,0.236,0.0,0.0,0.295,-1.193,-1.322,988.0,0,2,1,15,0,0,0,0,0,0,0,1,0,0,10,0,0,0,0,0,8,7,4,0,0,7.2,-14.4,2.23,3.54,6.64,7.11,12.45,2.68,18.08,1.59,6.51,8.84,12.25,0.6,0.01,,0.0,0.0,10.0,7.0,5.0,152.0,34.0,80.0,1555.0,7.0,9.0,0.170603,3.68,0.983638164737823,4.13417049067276,8.45495014842677,4.76266999272485,0.886713149886024,6.7202638458782,1.09404736878765,2.96948703027658,9.46594246968722,,,,,,,,,,,,,,,,,,,,,,,,,,,,,,,,,,,,,,0.583,1.0,1.0,1.0,1.0,1.0,1.0,1.0,1.183,4.7,,,,noncoding,良性
1-3326181-C-G,1,3326181,264690.0,6117.0,0.0231101,SVM;DISC;EXHET,rs367791002,intronic,PRDM16,,,ENST00000512462.5,,,,,,,PRDM16,,,,,"SE_31959,SE_01548,SE_65787,SE_40807,SE_56850,SE_47515,SE_28099,SE_35784",,,,,,,,,,4.42911383785099,1.92806398043908,0.616,0.08,82049,60738,,,,,0.003,0.003,0.008,0.276,0.492,0.864,952.0,0,0,2,8,1,0,0,0,0,0,0,6,0,0,11,0,0,0,0,0,11,5,4,0,0,1.55,1.55,5.84,3.37,2.82,4.34,6.34,1.41,2.77,1.38,1.28,4.17,3.35,0.25,0.08,,0.0,0.0,8.0,3.0,7.0,118.0,28.0,85.0,1712.0,,,0.171511,3.691,4.16602715832481,3.63959328042422,1.29167706932325,0.851424936278626,1.3842118595255,1.04597879914742,2.07748223945596,2.96948703027658,3.14278746314415,,,,,,,0.000767214,0.000724638,0.000932836,0.000631512,0.000490215,0.00252101,0.0,0.00182482,0.0,0.00106144,0.0,0.000503923,0.00239234,0.0014881,0.000577701,0.000830565,0.0019003,0.0,0.00098561,0.000773994,0.000337838,0.000220459,0.0,0.00205339,0.000396983,0.00180723,0.000286917,0.000750188,0.00171969,0.00378788,0.000542888,,0.125,0.139,0.722,0.4,1.0,1.0,1.0,2.403,5.25,,,,noncoding,良性
1-3403068-G-A,1,3403068,264690.0,52214.0,0.197265,SVM;DISC;EXHET,rs4353034,intronic,PRDM16,,,ENST00000512462.5,,,,,,,PRDM16,,,,,,,,,,,,,,,3.15653998848673,1.41233052392615,0.656,0.067,6577,30858,,,,,0.0,0.0,0.0,-1.762,-2.265,-2.016,958.0,0,0,1,8,0,0,3,1,0,0,0,3,0,0,9,0,0,0,1,2,9,4,3,4,0,2.84,-5.69,4.63,3.62,5.06,7.7,0.96,3.19,7.14,1.4,1.0,2.91,5.22,0.76,,,2.0,3.0,14.0,9.0,13.0,177.0,52.0,79.0,1690.0,7.0,7.0,-0.379248,0.141,0.0413270646360994,1.59280424549046,0.602949426675979,0.929617283380651,0.0605548871484517,1.4702299902525,0.0639182185239665,2.96948703027658,9.21084400476186,,,,,,,0.000223584,0.0,0.0,0.000154273,0.00022358,0.0,0.0,0.0,0.000961538,0.000223589,0.0,0.000177911,0.0,0.0,0.00020574,0.0,0.000220516,0.00204082,0.000282646,0.0,0.000340832,0.00084317,0.0,0.0,0.000198151,0.0,0.000565398,0.000238138,0.0,0.0,0.0,,0.958,0.222,1.0,0.86,1.0,1.0,1.0,,6.6,,,,noncoding,良性
1-152215937-C-T,1,152215937,264690.0,19064.0,0.0720239,SVM;DISC;EXHET,rs78856265,exonic,HRNR,nonsynonymous SNV,"HRNR:ENST00000368801.3:exon3:c.G5692A:p.E1898K,",ENST00000368801.2,"ENST00000368801.2:ENST00000368801.2:exon3:c.G5692A:p.E1898K,",0.003,0.0,1.0,1.04,T,HRNR,"HRNR:NM_001009931:exon3:c.G5692A:p.E1898K,",,,,,,,,,,,,,,0.214925532744385,2.28808891162995,0.53,0.04,8257,3855,tolerated,0.4,benign,0.0,0.0,0.0,0.0,0.411,-1.423,-0.544,568.0,5,16,2,11,4,3,1,0,0,0,0,0,0,0,1,0,0,0,0,0,2,2,1,0,0,11.0,1.62,,0.33,0.19,,0.18,,,0.69,,,,0.55,1.01,56.0,0.0,0.0,1.0,0.0,0.0,6.0,22.0,48.0,1314.0,,,0.929362,11.28,1.60791545038275,0.0221181433479703,0.0963278959995552,0.0417884224052826,11.9001704596421,0.410602054684655,12.6936006217318,21.3790064824208,3.14278746314415,,,,,,,0.0596614,0.152817,0.175676,0.0241124,0.0553472,0.0653585,0.0787321,0.0783848,0.0771249,0.0643102,0.0900901,0.024314,0.169771,0.179079,0.052037,0.159128,0.0951802,0.075431,0.0522753,0.155756,0.141902,0.132353,0.166667,0.0643033,0.0244854,0.181912,0.137765,0.0521373,0.172481,0.0653266,0.0609982,,,,,,0.14,,0.87,0.029,4.8,0.54185,tolerant,1.0,coding,破坏性
1-152761561-A-C,1,152761561,,,,,rs1651134470,utr3,KPRP(ENST00000606109.1:c.*233A>C),,,ENST00000606109.1(ENST00000606109.1:c.*233A>C),,,,,,,KPRP(NM_001025231:c.*233A>C),,,,,,,,,,,,,,,13.0366581607785,15.485290713741,0.609,0.067,2000,492,,,,,0.024,0.938,0.934,0.475,1.906,1.909,729.0,0,5,7,19,0,0,0,0,0,0,0,3,0,0,3,0,0,0,0,0,8,2,0,1,0,6.27,-2.38,15.77,7.71,6.24,10.22,12.55,6.47,16.67,6.47,4.0,9.14,17.57,0.47,,,0.0,1.0,22.0,2.0,7.0,172.0,20.0,71.0,1575.0,8.0,9.0,0.829463,10.23,14.9311492887396,7.75161563286498,8.40130636208884,3.49960626287241,1.16278419529923,9.95131384013498,0.724193773247545,2.96948703027658,9.84117355654295,,,,,,,5.59003e-05,0.0,0.0,0.0,5.42108e-05,0.000125913,0.0,0.0,0.0,5.76984e-05,0.0,0.0,0.0,0.0,8.02783e-05,0.0,0.000104683,0.0,0.000110538,0.0,0.0,0.0,0.0,0.000191681,0.0,0.0,0.0,9.30088e-05,0.0,0.0,0.000401284,0.75,1.0,1.0,1.0,1.0,1.0,1.0,1.0,0.247,2.75,,,,noncoding,良性
11-62648638-A-G,11,62648638,,,,,,exonic,INTS5,nonsynonymous SNV,"INTS5:ENST00000330574.2:exon2:c.T1442C:p.V481A,",ENST00000330574.2,"ENST00000330574.2:ENST00000330574.2:exon2:c.T1442C:p.V481A,",0.116,0.031,0.663,0.805,T,,"INTS5:NM_030628:exon2:c.T1442C:p.V481A,",,,,,,,,,,,,,,0.214925532744385,21.6257794926008,0.603,0.093,4665,1790,deleterious,0.03,benign,0.031,0.908,0.984,0.996,0.475,3.37,7.99,294.0,0,0,0,0,0,1,9,30,1,4,0,0,0,0,3,0,0,0,0,0,0,0,0,0,0,18.1,18.1,8.92,4.98,8.71,14.74,4.58,11.72,2.4,35.37,24.88,17.97,6.26,0.52,6.21,64.0,0.0,1.0,20.0,0.0,5.0,140.0,6.0,46.0,1539.0,6.0,7.0,3.481543,24.2,27.5974004315431,9.03718396422636,1.06291782628523,14.0784790689818,6.07738959169745,5.18561211888677,3.93705238292596,21.7544284768545,8.85004885683351,,,,,,,,,,,,,,,,,,,,,,,,,,,,,,,,,,,,,,0.458,1.0,1.0,1.0,1.0,1.0,1.0,1.0,,1.75,,,3.0,coding,破坏性
13-32363397-T-G,13,32363397,,,,,rs397507967,exonic,BRCA2,stopgain,"BRCA2:ENST00000544455.5:exon18:c.T8195G:p.L2732X,BRCA2:ENST00000380152.7:exon18:c.T8195G:p.L2732X,","ENST00000380152.7,ENST00000544455.5","ENST00000544455.5:ENST00000544455.5:exon18:c.T8195G:p.L2732X,ENST00000380152.7:ENST00000380152.7:exon18:c.T8195G:p.L2732X,",,,1.0,,,,"BRCA2:NM_000059:exon18:c.T8195G:p.L2732X,",,,,,Pathogenic,,"Breast_neoplasm|Breast-ovarian_cancer,_familial_2",,reviewed_by_expert_panel,1.0,"Human_Phenotype_Ontology:HP:0010623,Human_Phenotype_Ontology:HP:0100013,MONDO:MONDO:0021100,MeSH:D001943,MedGen:C1458155,SNOMED_CT:126926005|MONDO:MONDO:0012933,MedGen:C2675520,OMIM:612555",,BRCA2:675,0.214925532744385,6.50718280942395,0.43,0.0,46936,738,,,,,0.128,0.022,0.948,0.469,1.996,6.733,710.0,0,0,0,9,0,0,13,2,0,0,0,0,0,0,24,0,0,0,0,0,0,0,0,0,0,18.7,17.5,5.08,5.73,5.84,9.24,6.24,6.64,4.14,30.21,8.91,6.32,13.65,0.39,2.17,,0.0,2.0,11.0,0.0,4.0,110.0,11.0,62.0,1215.0,2.0,2.0,7.742443,39.0,17.5345524012323,5.45655276180381,0.71123661389536,9.47477355430638,7.40215508515042,5.64181503596863,7.33533322194,20.4791954251934,5.78709819326725,,,,,,,,,,,,,,,,,,,,,,,,,,,,,,,,,,,,,,0.5,1.0,1.0,1.0,1.0,1.0,1.0,1.0,0.1445,2.6,0.3931,recessive,5.0,coding,破坏性
2-70301162-A-G,2,70301162,,,,,,intronic,FAM136A,,,ENST00000460307.1,,,,,,,,,,,Name=2.03;genehancer_id=GH02I070300;connected_gene=FAM136A;score=564.37;connected_gene=ENSG00000233849;score=550.77;connected_gene=TIA1;score=14.60;connected_gene=PCYOX1;score=12.58;connected_gene=TEX261;score=12.35,,,,,,,,,,,11.0436637534972,0.411633770030154,0.49,0.027,290,654,,,,,0.014,0.0,0.0,-1.086,-0.422,-0.541,472.0,0,0,0,0,0,0,1,0,0,1,6,7,2,2,0,0,17,10,2,0,0,0,0,0,0,6.75,-13.5,80.03,213.4,152.27,93.87,10.57,79.12,4.64,12.77,97.35,14.36,45.24,1.55,0.99,,0.0,0.0,16.0,2.0,8.0,157.0,18.0,67.0,1340.0,60.0,113.0,-0.017965,1.594,0.6810181866629,23.2178950065399,3.36672855183363,13.9609154321167,3.12436952054195,6.15011622241618,2.18916254379357,2.96948703027658,19.933925758557,,,,,,,,,,,,,,,,,,,,,,,,,,,,,,,,,,,,,,0.542,1.0,1.0,1.0,1.0,1.0,1.0,1.0,0.6521,2.55,,,,noncoding,良性
3-9434385-C-T,3,9434385,264690.0,1.0,3.778e-06,PASS,rs778124040,exonic,SETD5,nonsynonymous SNV,"SETD5:ENST00000402198.5:exon5:c.C229T:p.R77C,SETD5:ENST00000450326.5:exon5:c.C229T:p.R77C,SETD5:ENST00000406341.5:exon4:c.C229T:p.R77C,SETD5:ENST00000407969.5:exon3:c.C286T:p.R96C,","ENST00000402198.5,ENST00000406341.5,ENST00000407969.5,ENST00000450326.5","ENST00000402198.5:ENST00000402198.5:exon5:c.C229T:p.R77C,ENST00000450326.5:ENST00000450326.5:exon5:c.C229T:p.R77C,ENST00000406341.5:ENST00000406341.5:exon4:c.C229T:p.R77C,ENST00000407969.5:ENST00000407969.5:exon3:c.C286T:p.R96C,",0.988,0.353,0.977,0.0,D,,"SETD5:NM_001080517:exon5:c.C229T:p.R77C,",,,,,,,,,,,,,,0.214925532744385,20.4513900526902,0.57,0.08,392,507,deleterious,0.05,benign,0.353,0.993,1.0,1.0,0.418,2.83,3.684,471.0,0,0,0,0,0,0,4,35,5,1,2,0,0,0,1,0,0,0,0,0,0,0,0,0,0,18.0,-30.2,10.58,5.87,8.5,7.78,11.55,17.71,4.84,140.95,73.16,27.67,7.89,0.25,12.67,180.0,0.0,1.0,18.0,0.0,2.0,109.0,7.0,40.0,1381.0,11.0,11.0,2.899956,23.0,22.4287508499199,7.81363352000527,1.3716767804102,35.5087628200142,9.12136947017967,8.10064214072377,8.32779935727054,24.5879853496468,10.9034786064926,,,,,,,,,,,,,,,,,,,,,,,,,,,,,,,,,,,,,,0.667,1.0,1.0,1.0,1.0,1.0,1.0,1.0,0.0408,1.75,,,3.0,coding,破坏性
3-102438534-C-T,3,102438534,264690.0,71.0,0.000268238,PASS,rs199954809,exonic,ZPLD1,nonsynonymous SNV,"ZPLD1:ENST00000466937.1:exon3:c.C47T:p.P16L,ZPLD1:ENST00000306176.5:exon2:c.C95T:p.P32L,ZPLD1:ENST00000491959.5:exon9:c.C47T:p.P16L,","ENST00000306176.5,ENST00000466937.1,ENST00000491959.5","ENST00000466937.1:ENST00000466937.1:exon3:c.C47T:p.P16L,ENST00000306176.5:ENST00000306176.5:exon2:c.C95T:p.P32L,ENST00000491959.5:ENST00000491959.5:exon9:c.C47T:p.P16L,",0.104,0.036,0.608,0.695,T,,"ZPLD1:NM_001329788:exon3:c.C47T:p.P16L,ZPLD1:NM_175056:exon2:c.C95T:p.P32L,","chr3:102438522..102438547,+",,,,,,,,,,,,,0.214925532744385,15.9415861742922,0.437,0.027,3501,39124,tolerated,0.48,benign,0.036,0.904,0.81,0.998,0.418,1.62,4.292,817.0,0,0,0,36,1,0,0,0,0,0,0,0,0,0,5,0,0,0,0,0,6,0,0,0,0,14.7,14.7,4.77,5.14,6.51,4.04,18.14,3.01,11.82,8.27,2.38,7.13,16.09,0.39,0.01,98.0,2.0,1.0,13.0,4.0,6.0,124.0,20.0,47.0,1318.0,3.0,3.0,2.039034,18.97,20.0073398175823,3.78423326446407,8.01174070579671,6.02609837458259,2.74848417462545,8.95185905149738,2.4148181014757,21.5264682975336,6.67310705463728,,0.000199681,,,0.001,,0.000258409,0.0,0.0,5.17652e-05,0.000230309,0.0,0.000909091,0.0,0.000464253,0.000288309,0.0,9.52426e-05,0.0,0.0,0.000267465,0.0,0.000258092,0.0,0.000368026,0.0,0.0011652,0.000508302,0.0,0.0,0.000132275,0.0,0.000880669,0.000309789,0.0,0.0,0.0,0.708,1.0,1.0,1.0,1.0,1.0,1.0,1.0,0.0635,2.75,,,2.0,coding,破坏性
4-9268609-C-T,4,9268609,264690.0,5598.0,0.0211493,SVM;DISC;EXHET,rs778958242,exonic,USP17L22,nonsynonymous SNV,"USP17L22:ENST00000622009.1:exon1:c.C991T:p.H331Y,USP17L22:ENST00000511280.1:exon1:c.C991T:p.H331Y,","ENST00000511280.1,ENST00000622009.1","ENST00000622009.1:ENST00000622009.1:exon1:c.C991T:p.H331Y,ENST00000511280.1:ENST00000511280.1:exon1:c.C991T:p.H331Y,",0.621,0.474,0.847,1.495,T,,"USP17L20:NM_001256861:exon1:c.C991T:p.H331Y,USP17L22:NM_001256863:exon1:c.C991T:p.H331Y,",,,,,,,,,,,,,,0.214925532744385,13.2581478989822,0.497,0.067,990,603,deleterious,0.0,possibly_damaging,0.474,0.141,0.141,1.0,0.243,0.245,2.051,,5,17,5,7,3,1,0,0,0,0,0,0,0,0,3,0,0,0,0,0,2,4,1,0,0,11.1,-22.1,,,,,,,0.62,,,,,0.02,0.0,83.0,,,,,,,,,,,,2.356524,21.1,12.7635792104504,0.226558660942914,0.335711686214642,0.323363892674959,24.9525902439921,0.66013668093712,99.4511969671349,23.7165488662603,3.14278746314415,,,,,,,0.00233805,0.00217077,0.00369004,0.000951173,0.00224891,0.00315956,0.0015015,0.00917431,0.00152672,0.00243456,0.00609756,0.000685334,0.0,0.00477707,0.00249789,0.0,0.00778772,0.0015528,0.00316365,0.00112613,0.00115955,0.00267857,0.00299401,0.00414997,0.000455955,0.00516129,0.00182482,0.00277969,0.00169924,0.0122699,0.00675676,,,,1.0,,0.82,,0.63,,,,,1.0,coding,破坏性
4-47425835-C-G,4,47425835,,,,,,exonic,GABRB1,stopgain,"GABRB1:ENST00000295454.7:exon9:c.C1242G:p.Y414X,",ENST00000295454.7,"ENST00000295454.7:ENST00000295454.7:exon9:c.C1242G:p.Y414X,",,,1.0,,,,"GABRB1:NM_000812:exon9:c.C1242G:p.Y414X,",,,,,,,,,,,,,,0.214925532744385,13.4922817901193,0.682,0.16,394475,610,,,,,0.762,0.955,0.956,-0.447,0.148,0.083,721.0,0,0,2,30,1,0,0,0,0,0,0,0,0,0,7,0,0,0,0,0,7,1,0,0,0,19.5,-39.0,5.74,3.11,5.51,5.46,17.54,3.46,15.57,5.59,1.55,11.55,14.39,0.33,0.36,,0.0,2.0,22.0,1.0,5.0,116.0,17.0,63.0,1239.0,19.0,22.0,6.676455,36.0,15.4043774294362,3.30745168182124,10.2518071273933,2.12464960343292,3.24744033431478,99.4511969671349,2.78824219248259,20.4791954251934,13.3538500635254,,,,,,,,,,,,,,,,,,,,,,,,,,,,,,,,,,,,,,1.0,1.0,1.0,1.0,1.0,1.0,1.0,1.0,1.351,2.85,0.5335,recessive,3.0,coding,破坏性
7-102572492-G-C,7,102572492,264690.0,13582.0,0.0513129,SVM;DISC;EXHET,rs139049967,exonic,POLR2J3,nonsynonymous SNV,"POLR2J3:ENST00000464525.5:exon1:c.C30G:p.F10L,POLR2J3:ENST00000507355.5:exon1:c.C30G:p.F10L,POLR2J3:ENST00000608621.5:exon1:c.C30G:p.F10L,POLR2J3:ENST00000489144.5:exon1:c.C30G:p.F10L,POLR2J3:ENST00000379340.9:exon1:c.C30G:p.F10L,POLR2J3:ENST00000511313.5:exon1:c.C30G:p.F10L,POLR2J3:ENST00000508848.5:exon1:c.C30G:p.F10L,POLR2J3:ENST00000513438.1:exon1:c.C30G:p.F10L,POLR2J3:ENST00000613744.4:exon1:c.C30G:p.F10L,POLR2J3:ENST00000513506.6:exon1:c.C30G:p.F10L,POLR2J3:ENST00000621093.4:exon1:c.C30G:p.F10L,POLR2J3:ENST00000486319.5:exon1:c.C30G:p.F10L,","ENST00000379340.9,ENST00000464525.5,ENST00000486319.5,ENST00000489144.5,ENST00000507355.5,ENST00000508848.5,ENST00000511313.5,ENST00000513438.1,ENST00000513506.6,ENST00000608621.5,ENST00000613744.4,ENST00000621093.4","ENST00000464525.5:ENST00000464525.5:exon1:c.C30G:p.F10L,ENST00000507355.5:ENST00000507355.5:exon1:c.C30G:p.F10L,ENST00000608621.5:ENST00000608621.5:exon1:c.C30G:p.F10L,ENST00000489144.5:ENST00000489144.5:exon1:c.C30G:p.F10L,ENST00000379340.9:ENST00000379340.9:exon1:c.C30G:p.F10L,ENST00000511313.5:ENST00000511313.5:exon1:c.C30G:p.F10L,ENST00000508848.5:ENST00000508848.5:exon1:c.C30G:p.F10L,ENST00000513438.1:ENST00000513438.1:exon1:c.C30G:p.F10L,ENST00000613744.4:ENST00000613744.4:exon1:c.C30G:p.F10L,ENST00000513506.6:ENST00000513506.6:exon1:c.C30G:p.F10L,ENST00000621093.4:ENST00000621093.4:exon1:c.C30G:p.F10L,ENST00000486319.5:ENST00000486319.5:exon1:c.C30G:p.F10L,",0.998,0.647,1.0,2.8,T,,"POLR2J3:NM_001097615:exon1:c.C30G:p.F10L,",,,Name=2.06;genehancer_id=GH07I102571;connected_gene=POLR2J3;score=561.80;connected_gene=CRYZP1;score=82.46;connected_gene=ENSG00000213385;score=77.54;connected_gene=PRKRIP1;score=49.61;connected_gene=DNAJC2;score=43.22;connected_gene=PMPCB;score=41.10;connected_gene=ENSG00000239486;score=40.78;connected_gene=FAM185A;score=32.12;connected_gene=NAPEPLD;score=20.10;connected_gene=ALKBH4;score=11.17;connected_gene=UPK3BL1;score=10.48;connected_gene=POLR2J2;score=9.39;connected_gene=PIR31678;score=0.39;connected_gene=ENSG00000270249;score=0.37,,,,,,,,,,,0.214925532744385,11.1705755893863,0.689,0.267,22,3187,deleterious,0.02,possibly_damaging,0.585,0.454,0.972,0.999,-0.216,0.189,0.516,430.0,3,0,0,0,0,0,0,0,0,0,0,0,0,0,0,42,1,0,2,0,0,0,0,0,0,9.65,9.65,,0.58,2.72,2.84,,1.9,,,,,,2.23,2.96,22.0,0.0,0.0,1.0,0.0,0.0,3.0,0.0,0.0,20.0,5.0,5.0,3.222864,23.6,14.1640909493464,0.733070517158714,0.310309481055357,0.323363892674959,15.0471146864665,0.451107644373271,14.4918597994866,24.2294658409105,8.09184014759449,,,,,,,0.0370929,0.056701,0.0456026,0.0251534,0.0352537,0.0543321,0.0334029,0.0382716,0.0380901,0.0390442,0.0420561,0.0245591,0.0514604,0.0240964,0.0378219,0.0612245,0.0853775,0.0430464,0.0395985,0.0588906,0.0591211,0.0518791,0.034749,0.0532805,0.0240506,0.0217014,0.0559615,0.0385731,0.0487622,0.0340314,0.0499542,,,,,0.04,0.06,0.52,0.53,0.1885,0.5,,,1.0,coding,破坏性
7-124745614-G-A,7,124745614,264690.0,52.0,0.000196456,PASS,rs968435928,upstream;downstream,AC004925.1;GPR37,,,ENST00000624256.1;ENST00000303921.2,,,,,,,,,,,Name=0.31;genehancer_id=GH07I124741;connected_gene=ENSG00000279419;score=550.77;connected_gene=GPR37;score=11.53;connected_gene=POT1-AS1;score=9.56;connected_gene=LOC100420864;score=6.26;connected_gene=GC07M124660;score=0.18,"SE_05013,SE_06793,SE_03370,SE_08085",,,,,,,,,,5.09680967116994,12.2295392854619,0.305,0.013,597,384,,,,,0.435,0.0,0.0,-0.199,-0.159,-0.482,666.0,0,0,0,31,0,0,1,0,0,0,0,0,0,0,13,0,0,0,0,0,3,0,0,0,0,8.61,-17.2,4.7,5.96,3.81,4.99,6.07,2.08,10.22,8.06,2.44,7.12,4.88,0.17,0.06,,1.0,0.0,12.0,4.0,4.0,118.0,26.0,49.0,1223.0,1.0,1.0,0.077717,2.535,4.83551727983151,2.65332542884894,2.5226669673944,5.25009775290875,4.55625386908168,14.5109877182251,4.88511351596781,2.96948703027658,4.69788595321814,,,,,,,6.98334e-05,0.0,0.00207469,0.0,4.06383e-05,0.0,0.0,0.0,0.0,0.000100899,0.0,0.0,0.00297265,0.0,0.0,0.0,6.97603e-05,0.0,3.67972e-05,0.0,0.000129333,0.0,0.0,0.0,0.0,0.0,7.32815e-05,1.54909e-05,0.00255754,0.0,0.0,0.875,1.0,1.0,1.0,1.0,1.0,1.0,1.0,0.677,3.3,,,,noncoding,良性
